"school","average_salary","average_salary_num"
"Miami University","$58,279",58279
"Ohio State University","$52,107",52107
"University of Cincinnati","$45,316",45316
"Ohio University","$49,730",49730
"University of Toledo","$48,162",48162
"Bowling Green State University","$51,652",51652
"Cleveland State University","$38,829",38829
"Wright State University","$42,853",42853
"Kent State University","$40,117",40117
"University of Akron","$44,276",44276
"Youngstown State University","$40,233",40233
